Composers,Songs,Paths
bach,bach342,./Composer_Dataset/NN_midi_files_extended/train//bach/bach342.mid
bach,bach343,./Composer_Dataset/NN_midi_files_extended/train//bach/bach343.mid
bach,bach345,./Composer_Dataset/NN_midi_files_extended/train//bach/bach345.mid
bach,bach346,./Composer_Dataset/NN_midi_files_extended/train//bach/bach346.mid
bach,bach347,./Composer_Dataset/NN_midi_files_extended/train//bach/bach347.mid
bach,bach350,./Composer_Dataset/NN_midi_files_extended/train//bach/bach350.mid
bach,bach351,./Composer_Dataset/NN_midi_files_extended/train//bach/bach351.mid
bach,bach352,./Composer_Dataset/NN_midi_files_extended/train//bach/bach352.mid
bach,bach353,./Composer_Dataset/NN_midi_files_extended/train//bach/bach353.mid
bach,bach355,./Composer_Dataset/NN_midi_files_extended/train//bach/bach355.mid
bach,bach357,./Composer_Dataset/NN_midi_files_extended/train//bach/bach357.mid
bach,bach358,./Composer_Dataset/NN_midi_files_extended/train//bach/bach358.mid
bach,bach360,./Composer_Dataset/NN_midi_files_extended/train//bach/bach360.mid
bach,bach361,./Composer_Dataset/NN_midi_files_extended/train//bach/bach361.mid
bach,bach362,./Composer_Dataset/NN_midi_files_extended/train//bach/bach362.mid
bach,bach363,./Composer_Dataset/NN_midi_files_extended/train//bach/bach363.mid
bach,bach364,./Composer_Dataset/NN_midi_files_extended/train//bach/bach364.mid
bach,bach365,./Composer_Dataset/NN_midi_files_extended/train//bach/bach365.mid
bach,bach366,./Composer_Dataset/NN_midi_files_extended/train//bach/bach366.mid
bach,bach367,./Composer_Dataset/NN_midi_files_extended/train//bach/bach367.mid
bach,bach368,./Composer_Dataset/NN_midi_files_extended/train//bach/bach368.mid
bach,bach369,./Composer_Dataset/NN_midi_files_extended/train//bach/bach369.mid
bach,bach370,./Composer_Dataset/NN_midi_files_extended/train//bach/bach370.mid
bach,bach371,./Composer_Dataset/NN_midi_files_extended/train//bach/bach371.mid
bach,bach372,./Composer_Dataset/NN_midi_files_extended/train//bach/bach372.mid
bach,bach373,./Composer_Dataset/NN_midi_files_extended/train//bach/bach373.mid
bach,bach374,./Composer_Dataset/NN_midi_files_extended/train//bach/bach374.mid
bach,bach375,./Composer_Dataset/NN_midi_files_extended/train//bach/bach375.mid
bach,bach377,./Composer_Dataset/NN_midi_files_extended/train//bach/bach377.mid
bach,bach378,./Composer_Dataset/NN_midi_files_extended/train//bach/bach378.mid
bach,bach379,./Composer_Dataset/NN_midi_files_extended/train//bach/bach379.mid
bach,bach380,./Composer_Dataset/NN_midi_files_extended/train//bach/bach380.mid
bach,bach381,./Composer_Dataset/NN_midi_files_extended/train//bach/bach381.mid
bach,bach382,./Composer_Dataset/NN_midi_files_extended/train//bach/bach382.mid
bach,bach383,./Composer_Dataset/NN_midi_files_extended/train//bach/bach383.mid
bach,bach385,./Composer_Dataset/NN_midi_files_extended/train//bach/bach385.mid
bach,bach386,./Composer_Dataset/NN_midi_files_extended/train//bach/bach386.mid
bach,bach387,./Composer_Dataset/NN_midi_files_extended/train//bach/bach387.mid
bach,bach388,./Composer_Dataset/NN_midi_files_extended/train//bach/bach388.mid
bach,bach389,./Composer_Dataset/NN_midi_files_extended/train//bach/bach389.mid
bach,bach390,./Composer_Dataset/NN_midi_files_extended/train//bach/bach390.mid
bach,bach391,./Composer_Dataset/NN_midi_files_extended/train//bach/bach391.mid
bartok,bartok393,./Composer_Dataset/NN_midi_files_extended/train//bartok/bartok393.mid
bartok,bartok394,./Composer_Dataset/NN_midi_files_extended/train//bartok/bartok394.mid
bartok,bartok395,./Composer_Dataset/NN_midi_files_extended/train//bartok/bartok395.mid
bartok,bartok396,./Composer_Dataset/NN_midi_files_extended/train//bartok/bartok396.mid
bartok,bartok397,./Composer_Dataset/NN_midi_files_extended/train//bartok/bartok397.mid
bartok,bartok398,./Composer_Dataset/NN_midi_files_extended/train//bartok/bartok398.mid
bartok,bartok399,./Composer_Dataset/NN_midi_files_extended/train//bartok/bartok399.mid
bartok,bartok401,./Composer_Dataset/NN_midi_files_extended/train//bartok/bartok401.mid
bartok,bartok402,./Composer_Dataset/NN_midi_files_extended/train//bartok/bartok402.mid
bartok,bartok403,./Composer_Dataset/NN_midi_files_extended/train//bartok/bartok403.mid
bartok,bartok404,./Composer_Dataset/NN_midi_files_extended/train//bartok/bartok404.mid
bartok,bartok405,./Composer_Dataset/NN_midi_files_extended/train//bartok/bartok405.mid
bartok,bartok406,./Composer_Dataset/NN_midi_files_extended/train//bartok/bartok406.mid
bartok,bartok407,./Composer_Dataset/NN_midi_files_extended/train//bartok/bartok407.mid
bartok,bartok408,./Composer_Dataset/NN_midi_files_extended/train//bartok/bartok408.mid
bartok,bartok409,./Composer_Dataset/NN_midi_files_extended/train//bartok/bartok409.mid
bartok,bartok411,./Composer_Dataset/NN_midi_files_extended/train//bartok/bartok411.mid
bartok,bartok413,./Composer_Dataset/NN_midi_files_extended/train//bartok/bartok413.mid
bartok,bartok414,./Composer_Dataset/NN_midi_files_extended/train//bartok/bartok414.mid
bartok,bartok415,./Composer_Dataset/NN_midi_files_extended/train//bartok/bartok415.mid
bartok,bartok416,./Composer_Dataset/NN_midi_files_extended/train//bartok/bartok416.mid
bartok,bartok417,./Composer_Dataset/NN_midi_files_extended/train//bartok/bartok417.mid
bartok,bartok418,./Composer_Dataset/NN_midi_files_extended/train//bartok/bartok418.mid
bartok,bartok419,./Composer_Dataset/NN_midi_files_extended/train//bartok/bartok419.mid
bartok,bartok420,./Composer_Dataset/NN_midi_files_extended/train//bartok/bartok420.mid
bartok,bartok421,./Composer_Dataset/NN_midi_files_extended/train//bartok/bartok421.mid
bartok,bartok422,./Composer_Dataset/NN_midi_files_extended/train//bartok/bartok422.mid
bartok,bartok423,./Composer_Dataset/NN_midi_files_extended/train//bartok/bartok423.mid
bartok,bartok425,./Composer_Dataset/NN_midi_files_extended/train//bartok/bartok425.mid
bartok,bartok426,./Composer_Dataset/NN_midi_files_extended/train//bartok/bartok426.mid
bartok,bartok427,./Composer_Dataset/NN_midi_files_extended/train//bartok/bartok427.mid
bartok,bartok428,./Composer_Dataset/NN_midi_files_extended/train//bartok/bartok428.mid
bartok,bartok430,./Composer_Dataset/NN_midi_files_extended/train//bartok/bartok430.mid
bartok,bartok431,./Composer_Dataset/NN_midi_files_extended/train//bartok/bartok431.mid
bartok,bartok432,./Composer_Dataset/NN_midi_files_extended/train//bartok/bartok432.mid
bartok,bartok433,./Composer_Dataset/NN_midi_files_extended/train//bartok/bartok433.mid
bartok,bartok435,./Composer_Dataset/NN_midi_files_extended/train//bartok/bartok435.mid
bartok,bartok436,./Composer_Dataset/NN_midi_files_extended/train//bartok/bartok436.mid
bartok,bartok437,./Composer_Dataset/NN_midi_files_extended/train//bartok/bartok437.mid
bartok,bartok439,./Composer_Dataset/NN_midi_files_extended/train//bartok/bartok439.mid
bartok,bartok440,./Composer_Dataset/NN_midi_files_extended/train//bartok/bartok440.mid
byrd,byrd149,./Composer_Dataset/NN_midi_files_extended/train//byrd/byrd149.mid
byrd,byrd153,./Composer_Dataset/NN_midi_files_extended/train//byrd/byrd153.mid
byrd,byrd154,./Composer_Dataset/NN_midi_files_extended/train//byrd/byrd154.mid
byrd,byrd155,./Composer_Dataset/NN_midi_files_extended/train//byrd/byrd155.mid
byrd,byrd156,./Composer_Dataset/NN_midi_files_extended/train//byrd/byrd156.mid
byrd,byrd157,./Composer_Dataset/NN_midi_files_extended/train//byrd/byrd157.mid
byrd,byrd158,./Composer_Dataset/NN_midi_files_extended/train//byrd/byrd158.mid
byrd,byrd159,./Composer_Dataset/NN_midi_files_extended/train//byrd/byrd159.mid
byrd,byrd160,./Composer_Dataset/NN_midi_files_extended/train//byrd/byrd160.mid
byrd,byrd161,./Composer_Dataset/NN_midi_files_extended/train//byrd/byrd161.mid
byrd,byrd162,./Composer_Dataset/NN_midi_files_extended/train//byrd/byrd162.mid
byrd,byrd163,./Composer_Dataset/NN_midi_files_extended/train//byrd/byrd163.mid
byrd,byrd164,./Composer_Dataset/NN_midi_files_extended/train//byrd/byrd164.mid
byrd,byrd165,./Composer_Dataset/NN_midi_files_extended/train//byrd/byrd165.mid
byrd,byrd166,./Composer_Dataset/NN_midi_files_extended/train//byrd/byrd166.mid
byrd,byrd167,./Composer_Dataset/NN_midi_files_extended/train//byrd/byrd167.mid
byrd,byrd169,./Composer_Dataset/NN_midi_files_extended/train//byrd/byrd169.mid
byrd,byrd170,./Composer_Dataset/NN_midi_files_extended/train//byrd/byrd170.mid
byrd,byrd171,./Composer_Dataset/NN_midi_files_extended/train//byrd/byrd171.mid
byrd,byrd172,./Composer_Dataset/NN_midi_files_extended/train//byrd/byrd172.mid
byrd,byrd173,./Composer_Dataset/NN_midi_files_extended/train//byrd/byrd173.mid
byrd,byrd175,./Composer_Dataset/NN_midi_files_extended/train//byrd/byrd175.mid
byrd,byrd177,./Composer_Dataset/NN_midi_files_extended/train//byrd/byrd177.mid
byrd,byrd178,./Composer_Dataset/NN_midi_files_extended/train//byrd/byrd178.mid
byrd,byrd179,./Composer_Dataset/NN_midi_files_extended/train//byrd/byrd179.mid
byrd,byrd181,./Composer_Dataset/NN_midi_files_extended/train//byrd/byrd181.mid
byrd,byrd182,./Composer_Dataset/NN_midi_files_extended/train//byrd/byrd182.mid
byrd,byrd183,./Composer_Dataset/NN_midi_files_extended/train//byrd/byrd183.mid
byrd,byrd185,./Composer_Dataset/NN_midi_files_extended/train//byrd/byrd185.mid
byrd,byrd186,./Composer_Dataset/NN_midi_files_extended/train//byrd/byrd186.mid
byrd,byrd187,./Composer_Dataset/NN_midi_files_extended/train//byrd/byrd187.mid
byrd,byrd188,./Composer_Dataset/NN_midi_files_extended/train//byrd/byrd188.mid
byrd,byrd189,./Composer_Dataset/NN_midi_files_extended/train//byrd/byrd189.mid
byrd,byrd190,./Composer_Dataset/NN_midi_files_extended/train//byrd/byrd190.mid
byrd,byrd191,./Composer_Dataset/NN_midi_files_extended/train//byrd/byrd191.mid
byrd,byrd192,./Composer_Dataset/NN_midi_files_extended/train//byrd/byrd192.mid
byrd,byrd193,./Composer_Dataset/NN_midi_files_extended/train//byrd/byrd193.mid
byrd,byrd194,./Composer_Dataset/NN_midi_files_extended/train//byrd/byrd194.mid
byrd,byrd195,./Composer_Dataset/NN_midi_files_extended/train//byrd/byrd195.mid
byrd,byrd196,./Composer_Dataset/NN_midi_files_extended/train//byrd/byrd196.mid
byrd,byrd197,./Composer_Dataset/NN_midi_files_extended/train//byrd/byrd197.mid
byrd,byrd198,./Composer_Dataset/NN_midi_files_extended/train//byrd/byrd198.mid
chopin,chopin049,./Composer_Dataset/NN_midi_files_extended/train//chopin/chopin049.mid
chopin,chopin050,./Composer_Dataset/NN_midi_files_extended/train//chopin/chopin050.mid
chopin,chopin051,./Composer_Dataset/NN_midi_files_extended/train//chopin/chopin051.mid
chopin,chopin052,./Composer_Dataset/NN_midi_files_extended/train//chopin/chopin052.mid
chopin,chopin054,./Composer_Dataset/NN_midi_files_extended/train//chopin/chopin054.mid
chopin,chopin055,./Composer_Dataset/NN_midi_files_extended/train//chopin/chopin055.mid
chopin,chopin056,./Composer_Dataset/NN_midi_files_extended/train//chopin/chopin056.mid
chopin,chopin057,./Composer_Dataset/NN_midi_files_extended/train//chopin/chopin057.mid
chopin,chopin058,./Composer_Dataset/NN_midi_files_extended/train//chopin/chopin058.mid
chopin,chopin059,./Composer_Dataset/NN_midi_files_extended/train//chopin/chopin059.mid
chopin,chopin060,./Composer_Dataset/NN_midi_files_extended/train//chopin/chopin060.mid
chopin,chopin063,./Composer_Dataset/NN_midi_files_extended/train//chopin/chopin063.mid
chopin,chopin064,./Composer_Dataset/NN_midi_files_extended/train//chopin/chopin064.mid
chopin,chopin065,./Composer_Dataset/NN_midi_files_extended/train//chopin/chopin065.mid
chopin,chopin067,./Composer_Dataset/NN_midi_files_extended/train//chopin/chopin067.mid
chopin,chopin068,./Composer_Dataset/NN_midi_files_extended/train//chopin/chopin068.mid
chopin,chopin071,./Composer_Dataset/NN_midi_files_extended/train//chopin/chopin071.mid
chopin,chopin072,./Composer_Dataset/NN_midi_files_extended/train//chopin/chopin072.mid
chopin,chopin073,./Composer_Dataset/NN_midi_files_extended/train//chopin/chopin073.mid
chopin,chopin074,./Composer_Dataset/NN_midi_files_extended/train//chopin/chopin074.mid
chopin,chopin075,./Composer_Dataset/NN_midi_files_extended/train//chopin/chopin075.mid
chopin,chopin076,./Composer_Dataset/NN_midi_files_extended/train//chopin/chopin076.mid
chopin,chopin077,./Composer_Dataset/NN_midi_files_extended/train//chopin/chopin077.mid
chopin,chopin079,./Composer_Dataset/NN_midi_files_extended/train//chopin/chopin079.mid
chopin,chopin080,./Composer_Dataset/NN_midi_files_extended/train//chopin/chopin080.mid
chopin,chopin081,./Composer_Dataset/NN_midi_files_extended/train//chopin/chopin081.mid
chopin,chopin082,./Composer_Dataset/NN_midi_files_extended/train//chopin/chopin082.mid
chopin,chopin083,./Composer_Dataset/NN_midi_files_extended/train//chopin/chopin083.mid
chopin,chopin084,./Composer_Dataset/NN_midi_files_extended/train//chopin/chopin084.mid
chopin,chopin085,./Composer_Dataset/NN_midi_files_extended/train//chopin/chopin085.mid
chopin,chopin088,./Composer_Dataset/NN_midi_files_extended/train//chopin/chopin088.mid
chopin,chopin089,./Composer_Dataset/NN_midi_files_extended/train//chopin/chopin089.mid
chopin,chopin090,./Composer_Dataset/NN_midi_files_extended/train//chopin/chopin090.mid
chopin,chopin091,./Composer_Dataset/NN_midi_files_extended/train//chopin/chopin091.mid
chopin,chopin092,./Composer_Dataset/NN_midi_files_extended/train//chopin/chopin092.mid
chopin,chopin093,./Composer_Dataset/NN_midi_files_extended/train//chopin/chopin093.mid
chopin,chopin094,./Composer_Dataset/NN_midi_files_extended/train//chopin/chopin094.mid
chopin,chopin095,./Composer_Dataset/NN_midi_files_extended/train//chopin/chopin095.mid
chopin,chopin096,./Composer_Dataset/NN_midi_files_extended/train//chopin/chopin096.mid
chopin,chopin097,./Composer_Dataset/NN_midi_files_extended/train//chopin/chopin097.mid
chopin,chopin098,./Composer_Dataset/NN_midi_files_extended/train//chopin/chopin098.mid
handel,handel099,./Composer_Dataset/NN_midi_files_extended/train//handel/handel099.mid
handel,handel100,./Composer_Dataset/NN_midi_files_extended/train//handel/handel100.mid
handel,handel101,./Composer_Dataset/NN_midi_files_extended/train//handel/handel101.mid
handel,handel102,./Composer_Dataset/NN_midi_files_extended/train//handel/handel102.mid
handel,handel103,./Composer_Dataset/NN_midi_files_extended/train//handel/handel103.mid
handel,handel104,./Composer_Dataset/NN_midi_files_extended/train//handel/handel104.mid
handel,handel105,./Composer_Dataset/NN_midi_files_extended/train//handel/handel105.mid
handel,handel108,./Composer_Dataset/NN_midi_files_extended/train//handel/handel108.mid
handel,handel109,./Composer_Dataset/NN_midi_files_extended/train//handel/handel109.mid
handel,handel110,./Composer_Dataset/NN_midi_files_extended/train//handel/handel110.mid
handel,handel111,./Composer_Dataset/NN_midi_files_extended/train//handel/handel111.mid
handel,handel113,./Composer_Dataset/NN_midi_files_extended/train//handel/handel113.mid
handel,handel114,./Composer_Dataset/NN_midi_files_extended/train//handel/handel114.mid
handel,handel115,./Composer_Dataset/NN_midi_files_extended/train//handel/handel115.mid
handel,handel116,./Composer_Dataset/NN_midi_files_extended/train//handel/handel116.mid
handel,handel117,./Composer_Dataset/NN_midi_files_extended/train//handel/handel117.mid
handel,handel118,./Composer_Dataset/NN_midi_files_extended/train//handel/handel118.mid
handel,handel120,./Composer_Dataset/NN_midi_files_extended/train//handel/handel120.mid
handel,handel121,./Composer_Dataset/NN_midi_files_extended/train//handel/handel121.mid
handel,handel122,./Composer_Dataset/NN_midi_files_extended/train//handel/handel122.mid
handel,handel123,./Composer_Dataset/NN_midi_files_extended/train//handel/handel123.mid
handel,handel124,./Composer_Dataset/NN_midi_files_extended/train//handel/handel124.mid
handel,handel125,./Composer_Dataset/NN_midi_files_extended/train//handel/handel125.mid
handel,handel126,./Composer_Dataset/NN_midi_files_extended/train//handel/handel126.mid
handel,handel127,./Composer_Dataset/NN_midi_files_extended/train//handel/handel127.mid
handel,handel128,./Composer_Dataset/NN_midi_files_extended/train//handel/handel128.mid
handel,handel129,./Composer_Dataset/NN_midi_files_extended/train//handel/handel129.mid
handel,handel130,./Composer_Dataset/NN_midi_files_extended/train//handel/handel130.mid
handel,handel131,./Composer_Dataset/NN_midi_files_extended/train//handel/handel131.mid
handel,handel132,./Composer_Dataset/NN_midi_files_extended/train//handel/handel132.mid
handel,handel133,./Composer_Dataset/NN_midi_files_extended/train//handel/handel133.mid
handel,handel134,./Composer_Dataset/NN_midi_files_extended/train//handel/handel134.mid
handel,handel135,./Composer_Dataset/NN_midi_files_extended/train//handel/handel135.mid
handel,handel136,./Composer_Dataset/NN_midi_files_extended/train//handel/handel136.mid
handel,handel138,./Composer_Dataset/NN_midi_files_extended/train//handel/handel138.mid
handel,handel140,./Composer_Dataset/NN_midi_files_extended/train//handel/handel140.mid
handel,handel141,./Composer_Dataset/NN_midi_files_extended/train//handel/handel141.mid
handel,handel143,./Composer_Dataset/NN_midi_files_extended/train//handel/handel143.mid
handel,handel144,./Composer_Dataset/NN_midi_files_extended/train//handel/handel144.mid
handel,handel146,./Composer_Dataset/NN_midi_files_extended/train//handel/handel146.mid
handel,handel148,./Composer_Dataset/NN_midi_files_extended/train//handel/handel148.mid
hummel,hummel292,./Composer_Dataset/NN_midi_files_extended/train//hummel/hummel292.mid
hummel,hummel293,./Composer_Dataset/NN_midi_files_extended/train//hummel/hummel293.mid
hummel,hummel294,./Composer_Dataset/NN_midi_files_extended/train//hummel/hummel294.mid
hummel,hummel295,./Composer_Dataset/NN_midi_files_extended/train//hummel/hummel295.mid
hummel,hummel296,./Composer_Dataset/NN_midi_files_extended/train//hummel/hummel296.mid
hummel,hummel297,./Composer_Dataset/NN_midi_files_extended/train//hummel/hummel297.mid
hummel,hummel298,./Composer_Dataset/NN_midi_files_extended/train//hummel/hummel298.mid
hummel,hummel299,./Composer_Dataset/NN_midi_files_extended/train//hummel/hummel299.mid
hummel,hummel300,./Composer_Dataset/NN_midi_files_extended/train//hummel/hummel300.mid
hummel,hummel302,./Composer_Dataset/NN_midi_files_extended/train//hummel/hummel302.mid
hummel,hummel305,./Composer_Dataset/NN_midi_files_extended/train//hummel/hummel305.mid
hummel,hummel306,./Composer_Dataset/NN_midi_files_extended/train//hummel/hummel306.mid
hummel,hummel307,./Composer_Dataset/NN_midi_files_extended/train//hummel/hummel307.mid
hummel,hummel308,./Composer_Dataset/NN_midi_files_extended/train//hummel/hummel308.mid
hummel,hummel309,./Composer_Dataset/NN_midi_files_extended/train//hummel/hummel309.mid
hummel,hummel310,./Composer_Dataset/NN_midi_files_extended/train//hummel/hummel310.mid
hummel,hummel311,./Composer_Dataset/NN_midi_files_extended/train//hummel/hummel311.mid
hummel,hummel313,./Composer_Dataset/NN_midi_files_extended/train//hummel/hummel313.mid
hummel,hummel315,./Composer_Dataset/NN_midi_files_extended/train//hummel/hummel315.mid
hummel,hummel316,./Composer_Dataset/NN_midi_files_extended/train//hummel/hummel316.mid
hummel,hummel317,./Composer_Dataset/NN_midi_files_extended/train//hummel/hummel317.mid
hummel,hummel318,./Composer_Dataset/NN_midi_files_extended/train//hummel/hummel318.mid
hummel,hummel319,./Composer_Dataset/NN_midi_files_extended/train//hummel/hummel319.mid
hummel,hummel320,./Composer_Dataset/NN_midi_files_extended/train//hummel/hummel320.mid
hummel,hummel321,./Composer_Dataset/NN_midi_files_extended/train//hummel/hummel321.mid
hummel,hummel322,./Composer_Dataset/NN_midi_files_extended/train//hummel/hummel322.mid
hummel,hummel324,./Composer_Dataset/NN_midi_files_extended/train//hummel/hummel324.mid
hummel,hummel325,./Composer_Dataset/NN_midi_files_extended/train//hummel/hummel325.mid
hummel,hummel326,./Composer_Dataset/NN_midi_files_extended/train//hummel/hummel326.mid
hummel,hummel328,./Composer_Dataset/NN_midi_files_extended/train//hummel/hummel328.mid
hummel,hummel329,./Composer_Dataset/NN_midi_files_extended/train//hummel/hummel329.mid
hummel,hummel330,./Composer_Dataset/NN_midi_files_extended/train//hummel/hummel330.mid
hummel,hummel331,./Composer_Dataset/NN_midi_files_extended/train//hummel/hummel331.mid
hummel,hummel332,./Composer_Dataset/NN_midi_files_extended/train//hummel/hummel332.mid
hummel,hummel333,./Composer_Dataset/NN_midi_files_extended/train//hummel/hummel333.mid
hummel,hummel334,./Composer_Dataset/NN_midi_files_extended/train//hummel/hummel334.mid
hummel,hummel336,./Composer_Dataset/NN_midi_files_extended/train//hummel/hummel336.mid
hummel,hummel337,./Composer_Dataset/NN_midi_files_extended/train//hummel/hummel337.mid
hummel,hummel338,./Composer_Dataset/NN_midi_files_extended/train//hummel/hummel338.mid
hummel,hummel339,./Composer_Dataset/NN_midi_files_extended/train//hummel/hummel339.mid
hummel,hummel340,./Composer_Dataset/NN_midi_files_extended/train//hummel/hummel340.mid
hummel,hummel341,./Composer_Dataset/NN_midi_files_extended/train//hummel/hummel341.mid
mendelssohn,mendelssohn243,./Composer_Dataset/NN_midi_files_extended/train//mendelssohn/mendelssohn243.mid
mendelssohn,mendelssohn244,./Composer_Dataset/NN_midi_files_extended/train//mendelssohn/mendelssohn244.mid
mendelssohn,mendelssohn245,./Composer_Dataset/NN_midi_files_extended/train//mendelssohn/mendelssohn245.mid
mendelssohn,mendelssohn246,./Composer_Dataset/NN_midi_files_extended/train//mendelssohn/mendelssohn246.mid
mendelssohn,mendelssohn247,./Composer_Dataset/NN_midi_files_extended/train//mendelssohn/mendelssohn247.mid
mendelssohn,mendelssohn248,./Composer_Dataset/NN_midi_files_extended/train//mendelssohn/mendelssohn248.mid
mendelssohn,mendelssohn249,./Composer_Dataset/NN_midi_files_extended/train//mendelssohn/mendelssohn249.mid
mendelssohn,mendelssohn250,./Composer_Dataset/NN_midi_files_extended/train//mendelssohn/mendelssohn250.mid
mendelssohn,mendelssohn251,./Composer_Dataset/NN_midi_files_extended/train//mendelssohn/mendelssohn251.mid
mendelssohn,mendelssohn252,./Composer_Dataset/NN_midi_files_extended/train//mendelssohn/mendelssohn252.mid
mendelssohn,mendelssohn253,./Composer_Dataset/NN_midi_files_extended/train//mendelssohn/mendelssohn253.mid
mendelssohn,mendelssohn254,./Composer_Dataset/NN_midi_files_extended/train//mendelssohn/mendelssohn254.mid
mendelssohn,mendelssohn255,./Composer_Dataset/NN_midi_files_extended/train//mendelssohn/mendelssohn255.mid
mendelssohn,mendelssohn256,./Composer_Dataset/NN_midi_files_extended/train//mendelssohn/mendelssohn256.mid
mendelssohn,mendelssohn257,./Composer_Dataset/NN_midi_files_extended/train//mendelssohn/mendelssohn257.mid
mendelssohn,mendelssohn260,./Composer_Dataset/NN_midi_files_extended/train//mendelssohn/mendelssohn260.mid
mendelssohn,mendelssohn261,./Composer_Dataset/NN_midi_files_extended/train//mendelssohn/mendelssohn261.mid
mendelssohn,mendelssohn263,./Composer_Dataset/NN_midi_files_extended/train//mendelssohn/mendelssohn263.mid
mendelssohn,mendelssohn264,./Composer_Dataset/NN_midi_files_extended/train//mendelssohn/mendelssohn264.mid
mendelssohn,mendelssohn266,./Composer_Dataset/NN_midi_files_extended/train//mendelssohn/mendelssohn266.mid
mendelssohn,mendelssohn267,./Composer_Dataset/NN_midi_files_extended/train//mendelssohn/mendelssohn267.mid
mendelssohn,mendelssohn268,./Composer_Dataset/NN_midi_files_extended/train//mendelssohn/mendelssohn268.mid
mendelssohn,mendelssohn269,./Composer_Dataset/NN_midi_files_extended/train//mendelssohn/mendelssohn269.mid
mendelssohn,mendelssohn271,./Composer_Dataset/NN_midi_files_extended/train//mendelssohn/mendelssohn271.mid
mendelssohn,mendelssohn272,./Composer_Dataset/NN_midi_files_extended/train//mendelssohn/mendelssohn272.mid
mendelssohn,mendelssohn273,./Composer_Dataset/NN_midi_files_extended/train//mendelssohn/mendelssohn273.mid
mendelssohn,mendelssohn274,./Composer_Dataset/NN_midi_files_extended/train//mendelssohn/mendelssohn274.mid
mendelssohn,mendelssohn275,./Composer_Dataset/NN_midi_files_extended/train//mendelssohn/mendelssohn275.mid
mendelssohn,mendelssohn276,./Composer_Dataset/NN_midi_files_extended/train//mendelssohn/mendelssohn276.mid
mendelssohn,mendelssohn277,./Composer_Dataset/NN_midi_files_extended/train//mendelssohn/mendelssohn277.mid
mendelssohn,mendelssohn278,./Composer_Dataset/NN_midi_files_extended/train//mendelssohn/mendelssohn278.mid
mendelssohn,mendelssohn279,./Composer_Dataset/NN_midi_files_extended/train//mendelssohn/mendelssohn279.mid
mendelssohn,mendelssohn280,./Composer_Dataset/NN_midi_files_extended/train//mendelssohn/mendelssohn280.mid
mendelssohn,mendelssohn281,./Composer_Dataset/NN_midi_files_extended/train//mendelssohn/mendelssohn281.mid
mendelssohn,mendelssohn283,./Composer_Dataset/NN_midi_files_extended/train//mendelssohn/mendelssohn283.mid
mendelssohn,mendelssohn285,./Composer_Dataset/NN_midi_files_extended/train//mendelssohn/mendelssohn285.mid
mendelssohn,mendelssohn286,./Composer_Dataset/NN_midi_files_extended/train//mendelssohn/mendelssohn286.mid
mendelssohn,mendelssohn287,./Composer_Dataset/NN_midi_files_extended/train//mendelssohn/mendelssohn287.mid
mendelssohn,mendelssohn289,./Composer_Dataset/NN_midi_files_extended/train//mendelssohn/mendelssohn289.mid
mendelssohn,mendelssohn290,./Composer_Dataset/NN_midi_files_extended/train//mendelssohn/mendelssohn290.mid
mendelssohn,mendelssohn291,./Composer_Dataset/NN_midi_files_extended/train//mendelssohn/mendelssohn291.mid
mozart,mozart000,./Composer_Dataset/NN_midi_files_extended/train//mozart/mozart000.mid
mozart,mozart001,./Composer_Dataset/NN_midi_files_extended/train//mozart/mozart001.mid
mozart,mozart002,./Composer_Dataset/NN_midi_files_extended/train//mozart/mozart002.mid
mozart,mozart003,./Composer_Dataset/NN_midi_files_extended/train//mozart/mozart003.mid
mozart,mozart005,./Composer_Dataset/NN_midi_files_extended/train//mozart/mozart005.mid
mozart,mozart006,./Composer_Dataset/NN_midi_files_extended/train//mozart/mozart006.mid
mozart,mozart007,./Composer_Dataset/NN_midi_files_extended/train//mozart/mozart007.mid
mozart,mozart008,./Composer_Dataset/NN_midi_files_extended/train//mozart/mozart008.mid
mozart,mozart009,./Composer_Dataset/NN_midi_files_extended/train//mozart/mozart009.mid
mozart,mozart010,./Composer_Dataset/NN_midi_files_extended/train//mozart/mozart010.mid
mozart,mozart011,./Composer_Dataset/NN_midi_files_extended/train//mozart/mozart011.mid
mozart,mozart012,./Composer_Dataset/NN_midi_files_extended/train//mozart/mozart012.mid
mozart,mozart013,./Composer_Dataset/NN_midi_files_extended/train//mozart/mozart013.mid
mozart,mozart015,./Composer_Dataset/NN_midi_files_extended/train//mozart/mozart015.mid
mozart,mozart016,./Composer_Dataset/NN_midi_files_extended/train//mozart/mozart016.mid
mozart,mozart017,./Composer_Dataset/NN_midi_files_extended/train//mozart/mozart017.mid
mozart,mozart018,./Composer_Dataset/NN_midi_files_extended/train//mozart/mozart018.mid
mozart,mozart019,./Composer_Dataset/NN_midi_files_extended/train//mozart/mozart019.mid
mozart,mozart021,./Composer_Dataset/NN_midi_files_extended/train//mozart/mozart021.mid
mozart,mozart022,./Composer_Dataset/NN_midi_files_extended/train//mozart/mozart022.mid
mozart,mozart023,./Composer_Dataset/NN_midi_files_extended/train//mozart/mozart023.mid
mozart,mozart024,./Composer_Dataset/NN_midi_files_extended/train//mozart/mozart024.mid
mozart,mozart026,./Composer_Dataset/NN_midi_files_extended/train//mozart/mozart026.mid
mozart,mozart027,./Composer_Dataset/NN_midi_files_extended/train//mozart/mozart027.mid
mozart,mozart028,./Composer_Dataset/NN_midi_files_extended/train//mozart/mozart028.mid
mozart,mozart029,./Composer_Dataset/NN_midi_files_extended/train//mozart/mozart029.mid
mozart,mozart030,./Composer_Dataset/NN_midi_files_extended/train//mozart/mozart030.mid
mozart,mozart031,./Composer_Dataset/NN_midi_files_extended/train//mozart/mozart031.mid
mozart,mozart032,./Composer_Dataset/NN_midi_files_extended/train//mozart/mozart032.mid
mozart,mozart033,./Composer_Dataset/NN_midi_files_extended/train//mozart/mozart033.mid
mozart,mozart034,./Composer_Dataset/NN_midi_files_extended/train//mozart/mozart034.mid
mozart,mozart036,./Composer_Dataset/NN_midi_files_extended/train//mozart/mozart036.mid
mozart,mozart037,./Composer_Dataset/NN_midi_files_extended/train//mozart/mozart037.mid
mozart,mozart041,./Composer_Dataset/NN_midi_files_extended/train//mozart/mozart041.mid
mozart,mozart042,./Composer_Dataset/NN_midi_files_extended/train//mozart/mozart042.mid
mozart,mozart043,./Composer_Dataset/NN_midi_files_extended/train//mozart/mozart043.mid
mozart,mozart044,./Composer_Dataset/NN_midi_files_extended/train//mozart/mozart044.mid
mozart,mozart045,./Composer_Dataset/NN_midi_files_extended/train//mozart/mozart045.mid
mozart,mozart046,./Composer_Dataset/NN_midi_files_extended/train//mozart/mozart046.mid
mozart,mozart047,./Composer_Dataset/NN_midi_files_extended/train//mozart/mozart047.mid
mozart,mozart048,./Composer_Dataset/NN_midi_files_extended/train//mozart/mozart048.mid
schumann,schumann199,./Composer_Dataset/NN_midi_files_extended/train//schumann/schumann199.mid
schumann,schumann200,./Composer_Dataset/NN_midi_files_extended/train//schumann/schumann200.mid
schumann,schumann201,./Composer_Dataset/NN_midi_files_extended/train//schumann/schumann201.mid
schumann,schumann202,./Composer_Dataset/NN_midi_files_extended/train//schumann/schumann202.mid
schumann,schumann203,./Composer_Dataset/NN_midi_files_extended/train//schumann/schumann203.mid
schumann,schumann204,./Composer_Dataset/NN_midi_files_extended/train//schumann/schumann204.mid
schumann,schumann206,./Composer_Dataset/NN_midi_files_extended/train//schumann/schumann206.mid
schumann,schumann207,./Composer_Dataset/NN_midi_files_extended/train//schumann/schumann207.mid
schumann,schumann208,./Composer_Dataset/NN_midi_files_extended/train//schumann/schumann208.mid
schumann,schumann210,./Composer_Dataset/NN_midi_files_extended/train//schumann/schumann210.mid
schumann,schumann211,./Composer_Dataset/NN_midi_files_extended/train//schumann/schumann211.mid
schumann,schumann212,./Composer_Dataset/NN_midi_files_extended/train//schumann/schumann212.mid
schumann,schumann213,./Composer_Dataset/NN_midi_files_extended/train//schumann/schumann213.mid
schumann,schumann214,./Composer_Dataset/NN_midi_files_extended/train//schumann/schumann214.mid
schumann,schumann215,./Composer_Dataset/NN_midi_files_extended/train//schumann/schumann215.mid
schumann,schumann216,./Composer_Dataset/NN_midi_files_extended/train//schumann/schumann216.mid
schumann,schumann218,./Composer_Dataset/NN_midi_files_extended/train//schumann/schumann218.mid
schumann,schumann219,./Composer_Dataset/NN_midi_files_extended/train//schumann/schumann219.mid
schumann,schumann221,./Composer_Dataset/NN_midi_files_extended/train//schumann/schumann221.mid
schumann,schumann222,./Composer_Dataset/NN_midi_files_extended/train//schumann/schumann222.mid
schumann,schumann223,./Composer_Dataset/NN_midi_files_extended/train//schumann/schumann223.mid
schumann,schumann224,./Composer_Dataset/NN_midi_files_extended/train//schumann/schumann224.mid
schumann,schumann225,./Composer_Dataset/NN_midi_files_extended/train//schumann/schumann225.mid
schumann,schumann226,./Composer_Dataset/NN_midi_files_extended/train//schumann/schumann226.mid
schumann,schumann227,./Composer_Dataset/NN_midi_files_extended/train//schumann/schumann227.mid
schumann,schumann228,./Composer_Dataset/NN_midi_files_extended/train//schumann/schumann228.mid
schumann,schumann229,./Composer_Dataset/NN_midi_files_extended/train//schumann/schumann229.mid
schumann,schumann230,./Composer_Dataset/NN_midi_files_extended/train//schumann/schumann230.mid
schumann,schumann231,./Composer_Dataset/NN_midi_files_extended/train//schumann/schumann231.mid
schumann,schumann232,./Composer_Dataset/NN_midi_files_extended/train//schumann/schumann232.mid
schumann,schumann233,./Composer_Dataset/NN_midi_files_extended/train//schumann/schumann233.mid
schumann,schumann234,./Composer_Dataset/NN_midi_files_extended/train//schumann/schumann234.mid
schumann,schumann235,./Composer_Dataset/NN_midi_files_extended/train//schumann/schumann235.mid
schumann,schumann236,./Composer_Dataset/NN_midi_files_extended/train//schumann/schumann236.mid
schumann,schumann237,./Composer_Dataset/NN_midi_files_extended/train//schumann/schumann237.mid
schumann,schumann239,./Composer_Dataset/NN_midi_files_extended/train//schumann/schumann239.mid
schumann,schumann241,./Composer_Dataset/NN_midi_files_extended/train//schumann/schumann241.mid
schumann,schumann242,./Composer_Dataset/NN_midi_files_extended/train//schumann/schumann242.mid
